{"name": ["SA", "SSA", "MSM", "MM", "MSF", "MF", "ALP1", "2Q1", "SIG1", "Q1", "RHO1", "O1", "TAU1", "BET1", "NO1", "CHI1", "PI1", "P1", "S1", "K1", "PSI1", "PHI1", "THE1", "J1", "SO1", "OO1", "UPS1", "OQ2", "EPS2", "2N2", "MU2", "N2", "NU2", "H1", "M2", "H2", "MKS2", "LDA2", "L2", "T2", "S2", "R2", "K2", "MSN2", "ETA2", "MO3", "M3", "SO3", "MK3", "SK3", "MN4", "M4", "SN4", "MS4", "MK4", "S4", "SK4", "2MK5", "2SK5", "2MN6", "M6", "2MS6", "2MK6", "2SM6", "MSK6", "3MK7", "M8"], "aux": {"frq": [0.00011407410376018289, 0.00022815911013086308, 0.0013097806854917807, 0.0015121519753674717, 0.0028219326608592524, 0.0030500917709901155, 0.034396569814515256, 0.035706350500007034, 0.035908721789882726, 0.037218502475374504, 0.0374208737652502, 0.038730654450741975, 0.038958813560872836, 0.04004043513623375, 0.04026859424636462, 0.040470965536240314, 0.041438513007841044, 0.04155258711160123, 0.041666672117971905, 0.04178074622173209, 0.04189482032549227, 0.04200890533186296, 0.04309052690722387, 0.04329289819709956, 0.044602678882591354, 0.0448308379927222, 0.046342989968089686, 0.07597494474637166, 0.07617731603624735, 0.07748709672173913, 0.07768946801161482, 0.0789992486971066, 0.07920161998698229, 0.08039732656871389, 0.08051140067247407, 0.08062547477623425, 0.08073955978260493, 0.08182118135796584, 0.08202355264784154, 0.08321925922957314, 0.08333333333333333, 0.0834474074370935, 0.08356149244346418, 0.0848454853087008, 0.08507364441883165, 0.11924205512321605, 0.12076710100871109, 0.1220639877840753, 0.12229214689420617, 0.12511407955506543, 0.15951064936958068, 0.16102280134494815, 0.16233258203043993, 0.1638447340058074, 0.16407289311593826, 0.16666666666666666, 0.1668948257767975, 0.20280354756668023, 0.20844741288839874, 0.24002205004205474, 0.2415342020174222, 0.2443561346782815, 0.24458429378841234, 0.24717806733914072, 0.24740622644927157, 0.2833149482391543, 0.3220456026898963], "lind": [1, 2, 3, 4, 5, 6, 7, 8, 9, 10, 11, 12, 13, 14, 15, 16, 17, 18, 19, 20, 21, 22, 23, 24, 26, 27, 28, 33, 34, 38, 39, 41, 42, 46, 47, 48, 49, 52, 53, 55, 56, 57, 58, 59, 60, 67, 68, 70, 71, 73, 78, 81, 83, 85, 86, 88, 89, 95, 98, 102, 105, 109, 110, 112, 113, 119, 124], "reftime": 738512.4131944445, "opt": {"twodim": false, "equi": true, "conf_int": true, "cnstit": "auto", "notrend": false, "prefilt": [], "nodsatlint": 0, "nodsatnone": 0, "gwchlint": false, "gwchnone": false, "infer": null, "inferaprx": 0, "rmin": 0.97, "method": "ols", "tunrdn": 1, "linci": true, "white": false, "nrlzn": 200, "lsfrqosmp": 1, "nodiagn": 0, "diagnplots": 0, "diagnminsnr": 2, "ordercnstit": "frequency", "runtimedisp": "yyy", "nodesatlint": false, "nodesatnone": false, "newopts": {"constit": "auto", "order_constit": "frequency", "conf_int": "linear", "method": "ols", "trend": true, "phase": "Greenwich", "nodal": true, "infer": null, "MC_n": 200, "Rayleigh_min": 0.97, "robust_kw": {"weight_function": "cauchy"}, "white": false, "verbose": false, "epoch": null}, "RunTimeDisp": false, "epoch": null}, "lat": 16.838}, "nR": 0, "nNR": 67, "nI": 0, "weights": 0, "A": [0.05532458288217008, 0.030986704799260793, 0.01891214602315104, 0.02074604954884101, 0.016550492541088705, 0.012997404002224072, 0.008629960326463256, 0.011307004972231189, 0.015686983920077092, 0.023331272388205607, 0.03369432313652193, 0.06792965032213484, 0.009961498418585407, 0.01202481660545903, 0.013820364133305275, 0.022853052148214436, 0.03474902598721201, 0.033889456346849985, 0.017461187508486554, 0.08516634658115814, 0.013218303020538861, 0.01365650074445102, 0.013710745686102485, 0.01876401382906774, 0.014736542095140812, 0.025454895461199136, 0.025460008177742337, 0.0171180348708095, 0.010075069068789733, 0.051618542242925, 0.016003246799431048, 0.04376520150160823, 0.012153864726928408, 0.02916615635197536, 0.14045695274617553, 0.010536722794091138, 0.010161869431303648, 0.00946817100718599, 0.011484993456576461, 0.013620801639731553, 0.06719885117045335, 0.007932441083929839, 0.022109631197545845, 0.008534699930054481, 0.01106077230445587, 0.0038062543619309247, 0.003890429246397798, 0.002759429159792656, 0.0025781616037154707, 0.0023581147593385084, 0.002831670077800889, 0.0037296557343060133, 0.0029856778560671013, 0.0037328845041682515, 0.003976672001581454, 0.0029518656725726435, 0.003785772996225153, 0.0016577768291460308, 0.0008133367990514571, 0.0013853429312087372, 0.001580138487193452, 0.0022655377616389847, 0.0019147109324716982, 0.0018801223903526139, 0.0020037438602853435, 0.002123185259936063, 0.001711215867956857], "g": [-136.5017726078158, -172.64107635885603, 13.163720036661434, 4.158663177685341, 116.4817336031213, 97.19235216871978, 132.03881234355214, 151.14523948883874, 144.36709476398903, 153.7949877856158, 172.03061917780744, 126.64680559465585, 81.32160467180321, 137.24935656617598, 125.75797102450178, 124.81824350023521, 114.15910178111723, 118.41375679410217, 88.8518069668553, 148.60909887380126, 175.26670181962734, 140.6462767154291, 142.91194286620336, 145.3514613223504, -170.6653999156816, 123.41642710290347, 172.45660376468086, -146.78612235051773, 168.06564191070026, 145.59963888689484, 155.59209997732145, 168.9727464006374, -168.2034839656734, 88.76343270558709, -140.0816148565008, 2.8480857426021364, 152.7710003985835, 36.90379000053288, 134.50232955230476, 55.43376989021993, 70.59966986669237, -122.89077408442907, 82.60197690586695, -118.62976351522559, 86.73221138637695, -18.56292228276759, 138.77475925998775, 38.96996132978258, -141.0761221692064, -126.88489374524302, 56.56872241561789, 179.6455436510957, -44.2843021724448, -89.50179770487553, -80.57124413416547, -7.180446344780755, -18.40479544733996, -68.97902434142378, 121.18641979088312, -85.41548979452419, -46.386447527565906, -5.803995566209025, -6.339921743594563, 27.077499831130268, 48.45284234321608, 47.13917498749245, 19.061669674728176], "mean": 0.02521842124429427, "slope": -0.00012159385458079807, "g_ci": [14.812815385333325, 22.605382581837297, 39.9389462836239, 64.17917180159974, 67.04782694514172, 48.62596829789543, 68.36150360232202, 14.1660842513611, 14.075542324273336, 2.20392495432473, 10.46003080039864, 0.48100702329146316, 20.876487423474323, 48.26801295296894, 5.297446616816384, 41.6357615343277, 18.007305587054383, 1.1570922426498018, 4.073091983488013, 0.3690724629896505, 26.646032202608623, 62.62520799012756, 33.48640911173602, 6.376480126362032, 21.609165367719527, 9.395240306612756, 44.16077184493967, 471.4225623883841, 18.051251722010598, 6.280218896308432, 4.76340011293156, 1.1379648071389992, 6.466086266695071, 8.80066709184821, 0.33290347298709677, 11.716150416984615, 56.17053836808207, 18.847366807200615, 5.75176437804774, 7.9010356871270995, 0.7400275543050838, 82.80777288251872, 2.6571164827434983, 78.47563258593163, 17.142520050192125, 84.0824241952767, 6.399116924360175, 27.98954777603918, 15.996421866369069, 26.77328194608489, 267.6044639027721, 10.006744119345795, 41.65322250638891, 18.671696424335455, 69.95694448426792, 17.45207666200285, 107.83841270635293, 16.05424524282495, 15.735226338779698, 14.340493402211331, 6.132648908648102, 3.4329009785727256, 20.000425748411317, 11.56281883343705, 32.873075641537476, 102.55729839517686, 25.090771159805207],